629,patchAnim_GemeaterKingMinion
630,patchAnim_GemeaterKingMinion
631,patchAnim_GemeaterKingMinion
632,patchAnim_GemeaterKingMinion
633,patchAnim_GemeaterKingMinion
634,patchAnim_GemeaterKingMinion
635,patchAnim_GemeaterKingMinion
636,patchAnim_GemeaterKingMinion
666,patchAnim_DropSpiderlingMinion
667,patchAnim_DropSpiderlingMinion
668,patchAnim_DropSpiderlingMinion
694,patchAnim_BoneMinion
695,patchAnim_BoneMinion
696,patchAnim_BoneMinion
697,patchAnim_BoneMinion
698,patchAnim_BoneMinion
699,patchAnim_BoneMinion
764,patchAnim_ShadowBornMinion
765,patchAnim_ShadowBornMinion
766,patchAnim_ShadowBornMinion
767,patchAnim_ShadowBornMinion
768,patchAnim_ShadowBornMinion
769,patchAnim_ShadowBornMinion
